TARGET_CLASS,criterion,Coverage,Total_Goals,Covered_Goals
ar.edu.unrc.game2048.Cell,LINE;BRANCH;EXCEPTION;WEAKMUTATION;OUTPUT;METHOD;METHODNOEXCEPTION;CBRANCH,0.9181029754559167,235,215
ar.edu.unrc.game2048.Board,LINE;BRANCH;EXCEPTION;WEAKMUTATION;OUTPUT;METHOD;METHODNOEXCEPTION;CBRANCH,0.9314496897610134,1655,1520
ar.edu.unrc.game2048.Cell,LINE;BRANCH;EXCEPTION;WEAKMUTATION;OUTPUT;METHOD;METHODNOEXCEPTION;CBRANCH,0.9181029754559167,235,215
ar.edu.unrc.game2048.Board,LINE;BRANCH;EXCEPTION;WEAKMUTATION;OUTPUT;METHOD;METHODNOEXCEPTION;CBRANCH,0.9337012481864413,1656,1527
ar.edu.unrc.game2048.Cell,LINE;BRANCH;EXCEPTION;WEAKMUTATION;OUTPUT;METHOD;METHODNOEXCEPTION;CBRANCH,0.9181029754559167,235,215
ar.edu.unrc.game2048.Board,LINE;BRANCH;EXCEPTION;WEAKMUTATION;OUTPUT;METHOD;METHODNOEXCEPTION;CBRANCH,0.9432796394953697,1657,1562
ar.edu.unrc.game2048.Cell,LINE;BRANCH;EXCEPTION;WEAKMUTATION;OUTPUT;METHOD;METHODNOEXCEPTION;CBRANCH,0.9181029754559167,235,215
ar.edu.unrc.game2048.Board,LINE;BRANCH;EXCEPTION;WEAKMUTATION;OUTPUT;METHOD;METHODNOEXCEPTION;CBRANCH,0.9439742977836356,1660,1567
ar.edu.unrc.game2048.Cell,LINE;BRANCH;EXCEPTION;WEAKMUTATION;OUTPUT;METHOD;METHODNOEXCEPTION;CBRANCH,0.9181029754559167,235,215
ar.edu.unrc.game2048.Board,LINE;BRANCH;EXCEPTION;WEAKMUTATION;OUTPUT;METHOD;METHODNOEXCEPTION;CBRANCH,0.9344796982550223,1657,1530
ar.edu.unrc.game2048.Cell,LINE;BRANCH;EXCEPTION;WEAKMUTATION;OUTPUT;METHOD;METHODNOEXCEPTION;CBRANCH,0.9181029754559167,235,215
ar.edu.unrc.game2048.Board,LINE;BRANCH;EXCEPTION;WEAKMUTATION;OUTPUT;METHOD;METHODNOEXCEPTION;CBRANCH,0.9113330829971229,1658,1521
ar.edu.unrc.game2048.Cell,LINE;BRANCH;EXCEPTION;WEAKMUTATION;OUTPUT;METHOD;METHODNOEXCEPTION;CBRANCH,0.9181029754559167,235,205
ar.edu.unrc.game2048.Board,LINE;BRANCH;EXCEPTION;WEAKMUTATION;OUTPUT;METHOD;METHODNOEXCEPTION;CBRANCH,0.9322784682209531,1657,1525
